[
  {"market_id": 1001, "market_name": "Pune APMC Market", "state_name": "Maharashtra", "district_name": "Pune", "distance": 2.5, "type": "APMC"},
  {"market_id": 1002, "market_name": "Pune Gultekdi Market", "state_name": "Maharashtra", "district_name": "Pune", "distance": 5.8, "type": "Mandi"},
  {"market_id": 1003, "market_name": "Mumbai Vashi APMC", "state_name": "Maharashtra", "district_name": "Mumbai", "distance": 3.2, "type": "APMC"},
  {"market_id": 1004, "market_name": "Mumbai Dadar Market", "state_name": "Maharashtra", "district_name": "Mumbai", "distance": 8.5, "type": "Market"},
  {"market_id": 1005, "market_name": "Nagpur APMC", "state_name": "Maharashtra", "district_name": "Nagpur", "distance": 4.7, "type": "APMC"},
  {"market_id": 1006, "market_name": "Nagpur Kalamna Market", "state_name": "Maharashtra", "district_name": "Nagpur", "distance": 9.2, "type": "Mandi"},
  {"market_id": 1007, "market_name": "Nashik APMC", "state_name": "Maharashtra", "district_name": "Nashik", "distance": 6.3, "type": "APMC"},
  {"market_id": 1008, "market_name": "Nashik Satpur Market", "state_name": "Maharashtra", "district_name": "Nashik", "distance": 12.8, "type": "Mandi"},
  {"market_id": 1009, "market_name": "Aurangabad APMC", "state_name": "Maharashtra", "district_name": "Aurangabad", "distance": 5.5, "type": "APMC"},
  {"market_id": 1010, "market_name": "Thane APMC", "state_name": "Maharashtra", "district_name": "Thane", "distance": 4.2, "type": "APMC"},
  {"market_id": 1011, "market_name": "Thane Kalyan Market", "state_name": "Maharashtra", "district_name": "Thane", "distance": 15.6, "type": "Market"},
  {"market_id": 1012, "market_name": "Kolhapur APMC", "state_name": "Maharashtra", "district_name": "Kolhapur", "distance": 7.8, "type": "APMC"},
  {"market_id": 1013, "market_name": "Solapur Grain Market", "state_name": "Maharashtra", "district_name": "Solapur", "distance": 6.4, "type": "Grain Market"},
  {"market_id": 1014, "market_name": "Ahmednagar APMC", "state_name": "Maharashtra", "district_name": "Ahmednagar", "distance": 5.9, "type": "APMC"},
  {"market_id": 1015, "market_name": "Satara Agricultural Market", "state_name": "Maharashtra", "district_name": "Satara", "distance": 8.3, "type": "APMC"},
  {"market_id": 1016, "market_name": "Sangli APMC", "state_name": "Maharashtra", "district_name": "Sangli", "distance": 6.7, "type": "APMC"},
  {"market_id": 1017, "market_name": "Raigad Alibag Market", "state_name": "Maharashtra", "district_name": "Raigad", "distance": 11.2, "type": "Market"},
  {"market_id": 1018, "market_name": "Ratnagiri Coastal Market", "state_name": "Maharashtra", "district_name": "Ratnagiri", "distance": 9.5, "type": "APMC"},
  {"market_id": 1019, "market_name": "Sindhudurg Agricultural Market", "state_name": "Maharashtra", "district_name": "Sindhudurg", "distance": 14.8, "type": "APMC"},
  {"market_id": 1020, "market_name": "Jalgaon Grain Market", "state_name": "Maharashtra", "district_name": "Jalgaon", "distance": 7.6, "type": "Grain Market"},
  {"market_id": 1021, "market_name": "Dhule Mandi", "state_name": "Maharashtra", "district_name": "Dhule", "distance": 8.9, "type": "Mandi"},
  {"market_id": 1022, "market_name": "Nandurbar Agricultural Market", "state_name": "Maharashtra", "district_name": "Nandurbar", "distance": 10.4, "type": "APMC"},
  {"market_id": 1023, "market_name": "Amravati APMC", "state_name": "Maharashtra", "district_name": "Amravati", "distance": 6.8, "type": "APMC"},
  {"market_id": 1024, "market_name": "Akola Grain Market", "state_name": "Maharashtra", "district_name": "Akola", "distance": 9.3, "type": "Grain Market"},
  {"market_id": 1025, "market_name": "Washim Mandi", "state_name": "Maharashtra", "district_name": "Washim", "distance": 12.7, "type": "Mandi"},
  {"market_id": 1026, "market_name": "Buldhana Agricultural Market", "state_name": "Maharashtra", "district_name": "Buldhana", "distance": 11.5, "type": "APMC"},
  {"market_id": 1027, "market_name": "Yavatmal APMC", "state_name": "Maharashtra", "district_name": "Yavatmal", "distance": 8.2, "type": "APMC"},
  {"market_id": 1028, "market_name": "Wardha Mandi", "state_name": "Maharashtra", "district_name": "Wardha", "distance": 13.6, "type": "Mandi"},
  {"market_id": 1029, "market_name": "Chandrapur Agricultural Market", "state_name": "Maharashtra", "district_name": "Chandrapur", "distance": 10.9, "type": "APMC"},
  {"market_id": 1030, "market_name": "Gadchiroli Mandi", "state_name": "Maharashtra", "district_name": "Gadchiroli", "distance": 15.3, "type": "Mandi"},
  {"market_id": 1031, "market_name": "Gondia APMC", "state_name": "Maharashtra", "district_name": "Gondia", "distance": 7.4, "type": "APMC"},
  {"market_id": 1032, "market_name": "Bhandara Agricultural Market", "state_name": "Maharashtra", "district_name": "Bhandara", "distance": 9.8, "type": "APMC"},
  {"market_id": 1033, "market_name": "Latur Grain Market", "state_name": "Maharashtra", "district_name": "Latur", "distance": 6.5, "type": "Grain Market"},
  {"market_id": 1034, "market_name": "Osmanabad Mandi", "state_name": "Maharashtra", "district_name": "Osmanabad", "distance": 11.2, "type": "Mandi"},
  {"market_id": 1035, "market_name": "Beed Agricultural Market", "state_name": "Maharashtra", "district_name": "Beed", "distance": 8.7, "type": "APMC"},
  {"market_id": 1036, "market_name": "Nanded APMC", "state_name": "Maharashtra", "district_name": "Nanded", "distance": 7.9, "type": "APMC"},
  {"market_id": 1037, "market_name": "Parbhani Mandi", "state_name": "Maharashtra", "district_name": "Parbhani", "distance": 10.6, "type": "Mandi"},
  {"market_id": 1038, "market_name": "Jalna Agricultural Market", "state_name": "Maharashtra", "district_name": "Jalna", "distance": 9.4, "type": "APMC"},
  {"market_id": 1039, "market_name": "Hingoli Mandi", "state_name": "Maharashtra", "district_name": "Hingoli", "distance": 12.8, "type": "Mandi"},
  {"market_id": 1040, "market_name": "Mumbai Suburban APMC", "state_name": "Maharashtra", "district_name": "Mumbai Suburban", "distance": 5.2, "type": "APMC"},
  {"market_id": 1041, "market_name": "Palghar Agricultural Market", "state_name": "Maharashtra", "district_name": "Palghar", "distance": 8.5, "type": "APMC"},
  {"market_id": 2001, "market_name": "Ahmedabad Grain Market", "state_name": "Gujarat", "district_name": "Ahmedabad", "distance": 4.8, "type": "Grain Market"},
  {"market_id": 2002, "market_name": "Surat Vegetable Market", "state_name": "Gujarat", "district_name": "Surat", "distance": 6.3, "type": "Vegetable Market"},
  {"market_id": 2003, "market_name": "Rajkot Mandi", "state_name": "Gujarat", "district_name": "Rajkot", "distance": 7.5, "type": "Mandi"},
  {"market_id": 2004, "market_name": "Vadodara Agricultural Market", "state_name": "Gujarat", "district_name": "Vadodara", "distance": 9.2, "type": "APMC"},
  {"market_id": 2005, "market_name": "Bhavnagar APMC", "state_name": "Gujarat", "district_name": "Bhavnagar", "distance": 11.8, "type": "APMC"},
  {"market_id": 2006, "market_name": "Jamnagar Mandi", "state_name": "Gujarat", "district_name": "Jamnagar", "distance": 13.4, "type": "Mandi"},
  {"market_id": 3001, "market_name": "Indore Krishi Upaj Mandi", "state_name": "Madhya Pradesh", "district_name": "Indore", "distance": 5.8, "type": "Mandi"},
  {"market_id": 3002, "market_name": "Bhopal Agricultural Market", "state_name": "Madhya Pradesh", "district_name": "Bhopal", "distance": 7.4, "type": "APMC"},
  {"market_id": 3003, "market_name": "Ujjain Krishi Mandi", "state_name": "Madhya Pradesh", "district_name": "Ujjain", "distance": 9.6, "type": "Mandi"},
  {"market_id": 3004, "market_name": "Gwalior APMC", "state_name": "Madhya Pradesh", "district_name": "Gwalior", "distance": 8.3, "type": "APMC"},
  {"market_id": 3005, "market_name": "Jabalpur Grain Market", "state_name": "Madhya Pradesh", "district_name": "Jabalpur", "distance": 10.7, "type": "Grain Market"},
  {"market_id": 4001, "market_name": "Bangalore APMC Yeshwanthpur", "state_name": "Karnataka", "district_name": "Bangalore Urban", "distance": 6.5, "type": "APMC"},
  {"market_id": 4002, "market_name": "Mysore Agricultural Market", "state_name": "Karnataka", "district_name": "Mysore", "distance": 8.9, "type": "APMC"},
  {"market_id": 4003, "market_name": "Hubli Mandi", "state_name": "Karnataka", "district_name": "Dharwad", "distance": 11.2, "type": "Mandi"},
  {"market_id": 4004, "market_name": "Belgaum Agricultural Market", "state_name": "Karnataka", "district_name": "Belgaum", "distance": 9.8, "type": "APMC"},
  {"market_id": 4005, "market_name": "Mangalore Coastal Market", "state_name": "Karnataka", "district_name": "Dakshina Kannada", "distance": 12.5, "type": "APMC"},
  {"market_id": 5001, "market_name": "Ludhiana Grain Market", "state_name": "Punjab", "district_name": "Ludhiana", "distance": 5.2, "type": "Grain Market"},
  {"market_id": 5002, "market_name": "Amritsar Agricultural Market", "state_name": "Punjab", "district_name": "Amritsar", "distance": 7.8, "type": "APMC"},
  {"market_id": 5003, "market_name": "Jalandhar Mandi", "state_name": "Punjab", "district_name": "Jalandhar", "distance": 9.4, "type": "Mandi"},
  {"market_id": 5004, "market_name": "Patiala APMC", "state_name": "Punjab", "district_name": "Patiala", "distance": 11.6, "type": "APMC"},
  {"market_id": 5005, "market_name": "Bathinda Grain Market", "state_name": "Punjab", "district_name": "Bathinda", "distance": 13.3, "type": "Grain Market"},
  {"market_id": 6001, "market_name": "Delhi Azadpur Mandi", "state_name": "Delhi", "district_name": "North Delhi", "distance": 8.5, "type": "Mandi"},
  {"market_id": 6002, "market_name": "Ghazipur Vegetable Market", "state_name": "Delhi", "district_name": "East Delhi", "distance": 12.3, "type": "Vegetable Market"},
  {"market_id": 7001, "market_name": "Jaipur Krishi Upaj Mandi", "state_name": "Rajasthan", "district_name": "Jaipur", "distance": 6.7, "type": "Mandi"},
  {"market_id": 7002, "market_name": "Jodhpur Agricultural Market", "state_name": "Rajasthan", "district_name": "Jodhpur", "distance": 9.2, "type": "APMC"},
  {"market_id": 7003, "market_name": "Udaipur APMC", "state_name": "Rajasthan", "district_name": "Udaipur", "distance": 10.8, "type": "APMC"},
  {"market_id": 7004, "market_name": "Kota Grain Market", "state_name": "Rajasthan", "district_name": "Kota", "distance": 8.4, "type": "Grain Market"},
  {"market_id": 8001, "market_name": "Lucknow Mandi", "state_name": "Uttar Pradesh", "district_name": "Lucknow", "distance": 7.8, "type": "Mandi"},
  {"market_id": 8002, "market_name": "Agra Agricultural Market", "state_name": "Uttar Pradesh", "district_name": "Agra", "distance": 9.4, "type": "APMC"},
  {"market_id": 8003, "market_name": "Kanpur Grain Market", "state_name": "Uttar Pradesh", "district_name": "Kanpur", "distance": 11.6, "type": "Grain Market"},
  {"market_id": 8004, "market_name": "Varanasi APMC", "state_name": "Uttar Pradesh", "district_name": "Varanasi", "distance": 13.3, "type": "APMC"},
  {"market_id": 8005, "market_name": "Meerut Agricultural Market", "state_name": "Uttar Pradesh", "district_name": "Meerut", "distance": 10.7, "type": "APMC"},
  {"market_id": 9001, "market_name": "Patna Krishi Mandi", "state_name": "Bihar", "district_name": "Patna", "distance": 8.2, "type": "Mandi"},
  {"market_id": 9002, "market_name": "Muzaffarpur Agricultural Market", "state_name": "Bihar", "district_name": "Muzaffarpur", "distance": 12.8, "type": "APMC"},
  {"market_id": 10001, "market_name": "Kolkata Posta Market", "state_name": "West Bengal", "district_name": "Kolkata", "distance": 6.4, "type": "APMC"},
  {"market_id": 10002, "market_name": "Siliguri Agricultural Market", "state_name": "West Bengal", "district_name": "Darjeeling", "distance": 14.6, "type": "APMC"},
  {"market_id": 11001, "market_name": "Chennai Koyambedu Market", "state_name": "Tamil Nadu", "district_name": "Chennai", "distance": 7.3, "type": "APMC"},
  {"market_id": 11002, "market_name": "Coimbatore Agricultural Market", "state_name": "Tamil Nadu", "district_name": "Coimbatore", "distance": 9.7, "type": "APMC"},
  {"market_id": 12001, "market_name": "Hyderabad Gaddiannaram Market", "state_name": "Telangana", "district_name": "Hyderabad", "distance": 8.2, "type": "APMC"},
  {"market_id": 12002, "market_name": "Warangal Grain Market", "state_name": "Telangana", "district_name": "Warangal", "distance": 11.8, "type": "Grain Market"},
  {"market_id": 13001, "market_name": "Visakhapatnam Agricultural Market", "state_name": "Andhra Pradesh", "district_name": "Visakhapatnam", "distance": 9.4, "type": "APMC"},
  {"market_id": 13002, "market_name": "Vijayawada Mandi", "state_name": "Andhra Pradesh", "district_name": "Krishna", "distance": 12.6, "type": "Mandi"}
]
